Temperature,DewPoint,WindSpeed,Pressure,Humidity
47,46,0,29.27,0.95
47,46,0,29.26,0.95
47,46,0,29.31,0.95
64,52,0,29.33,0.64
70,52,0,29.26,0.54
67,54,0,29.26,0.63
56,55,0,29.33,0.96
52,50,0,29.35,0.95
50,50,3,29.34,0.97
49,48,0,29.34,0.97
50,50,2,29.41,0.1
52,50,2,29.43,0.92
58,52,1,29.36,0.82
55,53,0,29.36,0.91
51,50,0,29.4,0.97
52,51,0,29.41,0.97
52,51,1,29.35,0.97
52,51,5,29.35,0.97
53,50,0,29.36,0.92
58,53,7,29.38,0.82
58,55,6,29.33,0.91
56,55,2,29.34,0.97
52,51,0,29.36,0.95
52,50,5,29.34,0.95
50,49,7,29.33,0.95
51,49,12,29.39,0.9
54,51,6,29.26,0.91
52,50,5,29.25,0.92
51,49,6,29.2,0.95
50,50,7,29.19,0.97
51,49,5,29.23,0.92
56,50,12,29.26,0.79
61,52,0,29.18,0.73
51,50,0,29.24,0.95
48,47,0,29.26,0.97
47,47,0,29.24,0.97
44,43,0,29.26,0.97
44,42,0,29.31,0.94
60,53,2,29.3,0.75
65,55,0,29.23,0.69
60,56,0,29.24,0.87
53,51,0,29.28,0.92
48,47,0,29.3,0.92
48,48,0,29.29,0.1
51,50,0,29.3,0.97
51,50,0,29.36,0.97
54,52,0,29.4,0.95
64,53,0,29.3,0.67
61,55,0,29.3,0.81
52,50,0,29.33,0.92
50,49,0,29.35,0.95
50,49,0,29.33,0.95
47,47,3,29.33,0.97
48,47,2,29.37,0.97
51,50,2,29.38,0.95
55,51,2,29.31,0.86
53,50,5,29.28,0.88
53,50,1,29.31,0.9
51,49,0,29.32,0.92
51,49,2,29.31,0.92
51,49,5,29.29,0.92
51,48,5,29.35,0.9
57,47,0,29.35,0.69
64,48,2,29.25,0.56
55,49,2,29.26,0.79
51,48,3,29.31,0.87
49,47,0,29.34,0.92
48,47,0,29.32,0.95
47,46,0,29.32,0.95
47,45,0,29.36,0.92
51,44,2,29.38,0.77
53,46,2,29.33,0.78
51,45,2,29.31,0.8
48,44,0,29.36,0.87
47,43,0,29.38,0.86
46,43,0,29.37,0.89
45,43,0,29.35,0.91
45,41,2,29.39,0.85
50,43,0,29.41,0.75
58,43,5,29.3,0.58
54,45,2,29.29,0.7
48,44,0,29.33,0.87
46,43,0,29.36,0.89
45,42,0,29.35,0.88
46,43,0,29.31,0.89
46,42,3,29.36,0.86
50,43,2,29.4,0.75
59,46,0,29.28,0.62
55,46,0,29.25,0.7
51,46,2,29.28,0.82
51,49,5,29.35,0.92
50,46,5,29.31,0.87
49,46,5,29.27,0.92
49,47,0,29.31,0.95
54,48,0,29.38,0.81
61,47,0,29.31,0.59
59,46,0,29.32,0.62
53,50,0,29.4,0.9
50,49,0,29.43,0.97
50,50,0,29.42,0.97
47,47,3,29.46,0.97
46,46,5,29.51,0.92
47,47,6,29.52,0.75
48,48,7,29.44,0.62
51,51,2,29.42,0.75
52,52,2,29.46,0.93
50,50,5,29.45,0.92
49,48,3,29.43,0.95
48,46,3,29.41,0.95
48,46,5,29.48,0.92
57,46,7,29.5,0.67
60,46,7,29.42,0.67
60,53,5,29.44,0.75
53,49,0,29.49,0.88
50,48,0,29.41,0.92
49,47,0,29.49,0.92
46,45,0,29.51,0.97
46,45,0,29.5,0.97
62,47,6,29.4,0.6
69,47,9,29.4,0.45
65,48,5,29.46,0.54
49,47,0,29.46,0.92
48,47,0,29.46,0.97
49,49,2,29.51,0.1
50,49,0,29.54,0.97
52,50,0,29.44,0.95
56,51,0,29.43,0.84
56,53,0,29.45,0.88
53,51,0,29.46,0.95
52,50,0,29.45,0.92
50,48,0,29.43,0.92
49,46,0,29.47,0.92
48,46,0,29.5,0.92
55,47,2,29.37,0.73
65,52,2,29.35,0.62
62,54,0,29.39,0.75
52,50,0,29.41,0.92
49,48,0,29.4,0.95
48,47,0,29.38,0.97
49,48,2,29.42,0.97
48,46,0,29.4,0.92
58,50,0,29.31,0.76
67,51,2,29.31,0.57
63,48,2,29.33,0.57
53,48,0,29.36,0.83
50,47,0,29.35,0.9
48,46,0,29.36,0.92
47,47,0,29.42,0.1
47,47,0,29.46,0.1
51,49,1,29.37,0.92
65,51,2,29.37,0.6
61,52,0,29.41,0.71
53,50,0,29.42,0.92
50,50,0,29.4,0.1
49,49,0,29.39,0.1
47,47,2,29.42,0.1
47,47,0,29.41,0.1
55,55,2,29.31,0.84
68,68,3,29.28,0.46
63,63,0,29.34,0.61
52,52,0,29.34,0.92
48,48,0,29.33,0.97
47,46,0,29.3,0.97
49,49,2,29.35,0.1
50,49,0,29.38,0.95
54,50,3,29.29,0.88
64,53,2,29.28,0.65
63,54,0,29.35,0.74
52,50,0,29.37,0.97
48,47,0,29.35,0.1
46,45,0,29.33,0.1
48,48,0,29.37,0.6
50,50,0,29.35,0.56
65,50,0,29.27,0.72
71,54,0,29.35,0.88
66,57,3,29.26,0.92
56,53,0,29.25,0.95
52,50,0,29.31,0.97
50,49,0,29.3,0.97
47,46,0,29.28,0.77
51,50,0,29.31,0.6
64,56,2,29.29,0.63
73,58,6,29.21,0.85
69,56,2,29.2,0.91
62,57,2,29.26,0.93
59,57,0,29.31,0.95
58,56,3,29.29,0.95
54,53,3,29.27,0.66
54,52,0,29.35,0.48
68,56,1,29.37,0.65
75,54,0,29.27,0.87
71,59,0,29.26,0.91
60,56,0,29.31,0.93
56,53,0,29.33,0.95
54,52,0,29.32,0.95
51,49,0,29.33,0.83
50,49,0,29.37,0.56
60,55,6,29.4,0.66
73,56,6,29.29,0.89
68,56,2,29.29,0.97
58,54,0,29.33,0.1
54,53,0,29.35,0.1
53,53,2,29.31,0.66
51,51,0,29.36,0.47
67,55,5,29.35,0.62
74,53,6,29.27,0.83
72,58,0,29.25,0.89
62,56,0,29.3,0.91
57,54,0,29.32,0.95
55,52,0,29.31,0.97
52,51,0,29.3,0.47
53,52,0,29.33,0.36
74,53,3,29.33,0.51
80,51,2,29.25,0.81
75,56,0,29.23,0.91
63,57,0,29.37,0.93
59,56,3,29.28,0.96
57,55,0,29.27,0.95
56,55,0,29.26,0.44
54,53,0,29.31,0.32
75,52,0,29.32,0.45
82,49,6,29.24,0.81
76,53,2,29.23,0.91
62,56,0,29.28,0.93
57,55,0,29.32,0.96
55,53,0,29.31,0.91
55,54,0,29.29,0.6
55,55,3,29.33,0.5
72,57,7,29.33,0.91
71,52,12,29.27,0.6
69,49,9,29.27,0.5
60,50,0,29.26,0.7
56,47,2,29.31,0.73
52,47,0,29.3,0.85
47,45,0,29.29,0.92
47,46,0,29.34,0.95
71,50,6,29.33,0.47
74,47,0,29.24,0.38
69,48,0,29.23,0.46
57,50,0,29.28,0.78
53,50,0,29.29,0.88
52,49,0,29.28,0.9
48,47,0,29.28,0.95
49,48,0,29.32,0.95
69,48,2,29.32,0.48
73,44,7,29.24,0.35
70,46,3,29.23,0.42
58,51,0,29.28,0.78
54,50,0,29.3,0.88
53,50,0,29.27,0.9
49,49,0,29.28,0.97
52,49,3,29.34,0.9
68,46,12,29.34,0.45
70,40,5,29.25,0.34
53,48,0,29.28,0.83
51,47,0,29.28,0.87
50,47,2,29.29,0.9
53,46,3,29.33,0.78
70,42,12,29.32,0.36
75,41,9,29.24,0.3
72,44,6,29.23,0.37
63,51,0,29.28,0.65
59,51,0,29.3,0.75
57,50,1,29.28,0.78
54,49,1,29.27,0.81
55,48,2,29.32,0.79
72,45,12,29.34,0.39
77,47,12,29.24,0.35
73,51,3,29.22,0.47
63,54,2,29.26,0.71
60,53,0,29.29,0.79
57,53,0,29.28,0.84
56,51,3,29.27,0.84
58,51,0,29.31,0.78
73,46,2,29.33,0.39
82,46,5,29.22,0.28
80,50,2,29.21,0.35
64,56,0,29.28,0.76
59,56,0,29.3,0.89
58,55,0,29.29,0.91
56,53,0,29.28,0.91
56,52,0,29.33,0.84
79,56,0,29.31,0.46
86,59,0,29.21,0.4
78,62,0,29.19,0.56
68,60,0,29.24,0.74
66,60,0,29.24,0.81
65,59,0,29.2,0.81
63,59,0,29.14,0.86
65,59,2,29.19,0.82
75,55,7,29.18,0.51
76,60,3,29.06,0.59
73,63,7,29.01,0.7
61,61,7,29.1,0.1
60,60,12,29.05,0.1
64,60,12,29.12,0.87
69,60,0,29.07,0.73
70,51,7,29.08,0.51
58,54,0,29.18,0.84
56,53,0,29.22,0.91
55,53,0,29.21,0.92
59,55,2,29.2,0.89
60,58,0,29.27,0.93
69,60,3,29.29,0.73
71,59,9,29.23,0.66
67,61,5,29.23,0.79
62,59,2,29.28,0.9
59,57,2,29.32,0.93
57,56,3,29.31,0.96
54,51,0,29.31,0.91
54,49,2,29.35,0.83
67,51,2,29.35,0.58
74,56,3,29.27,0.53
71,53,3,29.24,0.53
62,54,0,29.3,0.77
56,54,0,29.31,0.91
55,53,0,29.28,0.93
54,52,0,29.28,0.93
57,54,0,29.35,0.89
70,59,0,29.35,0.68
74,61,0,29.27,0.62
71,63,0,29.26,0.77
59,57,0,29.31,0.93
58,56,0,29.32,0.93
56,55,0,29.3,0.96
54,54,0,29.28,0.97
56,56,0,29.31,0.97
69,53,3,29.32,0.56
73,58,0,29.23,0.6
72,61,3,29.19,0.67
65,59,2,29.22,0.81
58,58,0,29.24,0.9
61,58,0,29.23,0.91
53,50,0,29.22,0.9
53,51,2,29.26,0.92
67,51,7,29.26,0.55
73,49,6,29.19,0.43
70,47,2,29.16,0.45
59,55,0,29.21,0.85
55,53,0,29.22,0.93
54,53,0,29.18,0.95
52,51,0,29.19,0.97
54,52,0,29.23,0.93
67,54,2,29.26,0.63
70,54,3,29.18,0.57
67,55,2,29.16,0.63
60,56,0,29.22,0.87
56,55,0,29.24,0.93
55,53,0,29.24,0.93
52,51,0,29.24,0.97
54,52,0,29.3,0.95
74,53,0,29.28,0.48
77,51,5,29.19,0.4
74,53,2,29.18,0.47
62,56,0,29.22,0.81
57,53,0,29.25,0.87
54,51,0,29.24,0.88
54,47,2,29.25,0.79
54,52,5,29.32,0.95
63,57,9,29.35,0.8
69,50,12,29.26,0.5
68,52,9,29.27,0.57
57,46,0,29.29,0.67
53,46,0,29.3,0.76
51,45,0,29.28,0.8
51,44,8,29.25,0.77
51,45,9,29.27,0.77
69,44,9,29.25,0.41
54,43,9,29.25,0.65
59,51,0,29.27,0.73
54,50,0,29.18,0.86
52,49,0,29.13,0.9
49,47,0,29.27,0.92
54,44,5,29.26,0.7
70,46,7,29.27,0.42
74,45,7,29.31,0.35
72,44,2,29.32,0.37
60,53,0,29.24,0.77
55,51,0,29.2,0.84
53,51,0,29.26,0.91
51,49,0,29.28,0.91
56,48,3,29.27,0.75
71,48,6,29.26,0.44
77,44,12,29.3,0.31
75,46,5,29.32,0.36
63,54,0,29.24,0.71
58,53,0,29.21,0.82
55,51,0,29.24,0.86
54,51,2,29.26,0.88
57,49,3,29.25,0.75
75,48,12,29.21,0.39
79,50,7,29.24,0.36
65,56,0,29.17,0.71
60,56,0,29.14,0.89
54,52,0,29.22,0.91
57,53,0,29.24,0.88
79,58,2,29.24,0.48
80,55,3,29.26,0.43
69,63,0,29.09,0.8
70,62,0,29.23,0.76
62,56,3,29.1,0.81
62,58,0,29.06,0.87
76,59,3,29.14,0.55
81,53,9,29.14,0.38
78,56,2,29.08,0.47
70,63,0,29.06,0.78
67,62,0,29.12,0.85
65,62,0,29.12,0.9
64,61,0,29.09,0.9
64,61,0,29.08,0.9
77,60,1,29.13,0.54
81,59,7,29.11,0.47
77,57,6,29.05,0.5
70,60,0,29.05,0.7
66,60,1,29.11,0.83
65,62,0,29.14,0.9
64,61,0,29.09,0.9
64,61,0,29.08,0.9
77,60,0,29.13,0.54
81,59,2,29.11,0.47
77,57,3,29.05,0.5
70,60,3,29.06,0.7
66,60,0,29.11,0.83
64,50,2,29.14,0.86
61,58,2,29.12,0.9
63,56,5,19.13,0.8
73,62,10,29.18,0.68
78,54,6,29.11,0.44
68,60,0,29.12,0.74
63,60,0,29.18,0.88
62,59,0,29.19,0.91
61,58,2,29.18,0.9
63,58,6,29.18,0.84
79,58,12,29.21,0.48
83,51,9,29.15,0.33
71,58,0,29.1,0.65
65,59,0,29.15,0.81
63,59,0,29.2,0.88
61,58,0,29.16,0.91
64,59,0,29.15,0.84
82,54,2,29.2,0.37
88,53,2,29.18,0.3
86,58,9,29.09,0.39
74,62,9,29.06,0.67
71,63,0,29.13,0.63
66,61,0,29.08,0.77
63,59,0,29.08,0.43
67,60,2,29.14,0.35
82,57,3,29.15,0.4
87,57,12,29.08,0.73
85,58,8,29.06,0.8
73,64,6,29.1,0.73
69,63,0,29.11,0.8
68,63,0,29.09,0.83
68,63,0,29.1,0.83
71,63,0,29.15,0.77
84,52,3,29.16,0.32
90,56,7,29.09,0.32
88,58,6,29.07,0.36
73,64,0,29.12,0.71
70,65,0,29.14,0.86
69,65,0,29.13,0.87
64,61,0,29.11,0.9
68,63,0,29.14,0.83
85,60,6,29.14,0.43
85,48,12,19.05,0.28
75,59,2,29.09,0.57
69,58,0,29.1,0.66
67,57,0,29.05,0.7
65,55,0,29.02,0.71
67,58,2,29.05,0.72
84,54,7,29.05,0.35
88,54,7,29.98,0.31
87,55,2,29.95,0.33
77,60,0,29.01,0.56
71,63,0,29.05,0.77
68,62,0,29.0,0.83
65,61,0,29.99,0.86
70,60,0,29.05,0.72
88,61,12,29.04,0.4
87,66,5,29.97,0.49
84,65,3,29.96,0.52
77,64,10,29.02,0.65
73,67,2,29.07,0.67
71,61,2,29.06,0.72
64,57,1,29.07,0.76
67,55,5,29.13,0.65
78,56,9,29.14,0.46
72,60,2,29.12,0.66
69,62,2,29.14,0.76
67,60,0,29.1,0.79
62,58,0,29.09,0.87
64,59,0,29.12,0.86
82,51,2,29.12,0.34
87,51,6,29.06,0.29
85,56,0,29.04,0.37
75,61,2,29.1,0.63
70,61,0,29.15,0.73
66,61,0,29.12,0.84
66,62,0,29.14,0.86
68,60,6,29.23,0.74
80,58,12,29.15,0.47
72,61,3,29.21,0.69
68,61,2,29.22,0.78
65,60,5,29.2,0.83
61,58,0,29.19,0.9
60,56,7,29.26,0.86
79,59,12,29.19,0.51
77,60,12,29.16,0.56
70,61,0,29.23,0.73
66,60,0,29.26,0.83
63,59,0,29.25,0.86
60,59,0,29.25,0.89
63,57,5,29.28,0.8
77,58,9,29.28,0.51
83,54,7,29.23,0.36
81,59,7,29.2,0.47
72,61,0,29.27,0.67
65,60,0,29.31,0.84
64,59,0,29.27,0.84
60,57,0,29.26,0.92
64,58,2,29.3,0.82
79,56,9,29.3,0.45
82,55,5,29.21,0.39
71,57,0,29.25,0.62
64,58,0,29.27,0.78
62,56,0,29.24,0.81
59,55,0,29.26,0.87
64,55,2,29.31,0.73
81,56,5,29.31,0.42
86,55,6,29.24,0.35
82,56,3,29.22,0.41
71,60,0,29.26,0.7
65,59,0,29.31,0.81
63,59,0,29.31,0.86
60,57,0,29.29,0.89
66,56,2,29.29,0.72
81,60,5,29.33,0.47
87,58,5,29.22,0.38
85,62,6,29.17,0.45
73,62,0,29.2,0.69
67,61,0,29.22,0.81
65,61,0,29.21,0.86
64,60,0,29.19,0.88
68,61,2,29.24,0.78
83,59,8,29.2,0.44
89,60,9,29.1,0.38
86,60,6,29.06,0.4
76,63,0,29.1,0.64
69,63,2,29.11,0.81
67,62,0,29.07,0.83
65,62,0,29.06,0.88
68,62,5,29.09,0.8
84,61,9,29.08,0.45
90,57,12,29.0,0.33
88,61,7,29.98,0.4
76,65,0,29.04,0.68
71,63,0,29.06,0.75
69,62,0,29.04,0.78
65,61,0,29.05,0.86
71,62,2,29.11,0.75
85,67,7,29.11,0.55
88,58,7,29.02,0.36
75,63,0,29.07,0.66
68,52,0,29.06,0.81
66,61,0,29.09,0.84
64,61,0,29.11,0.92
69,64,0,29.19,0.83
88,63,7,29.2,0.43
93,63,6,29.12,0.37
90,65,3,29.09,0.43
80,66,0,29.16,0.63
71,65,0,29.21,0.8
64,61,0,29.23,0.9
90,64,2,29.28,0.42
89,66,0,29.17,0.46
80,63,0,29.23,0.57
73,64,0,29.17,0.73
71,64,0,29.26,0.77
67,63,0,29.29,0.88
71,65,0,29.35,0.8
89,60,3,29.33,0.38
94,53,6,29.22,0.25
89,61,6,29.2,0.39
81,64,0,29.24,0.56
73,62,0,29.26,0.67
70,61,0,29.22,0.72
68,63,0,29.22,0.83
74,64,3,29.25,0.7
88,63,12,29.22,0.42
90,58,9,29.08,0.34
78,64,0,29.12,0.61
72,64,0,29.12,0.76
71,64,0,29.1,0.78
67,63,0,29.11,0.85
74,62,0,29.17,0.67
91,60,0,29.14,0.34
96,59,9,29.04,0.29
95,57,6,29.01,0.28
81,65,0,29.07,0.58
75,66,0,29.11,0.73
72,66,0,29.08,0.8
69,65,0,29.05,0.89
74,65,2,29.09,0.73
95,57,12,29.05,0.28
101,53,6,29.05,0.2
99,50,0,29.9,0.19
83,65,0,29.95,0.53
78,67,0,29.97,0.68
76,68,0,28.95,0.75
73,65,0,28.91,0.76
78,62,0,28.94,0.58
93,57,9,28.93,0.29
98,60,9,28.8,0.28
83,65,0,28.85,0.54
77,66,0,28.86,0.7
75,66,0,28.83,0.73
70,63,0,28.84,0.8
81,66,7,28.87,0.59
95,55,12,28.86,0.26
100,38,12,28.8,0.12
99,43,9,28.79,0.15
83,58,0,28.84,0.42
77,62,0,28.87,0.59
74,63,0,28.86,0.67
71,61,0,28.86,0.7
80,55,2,28.93,0.42
95,53,8,29.93,0.24
100,72,9,29.86,0.4
100,72,9,29.86,0.4
87,64,0,28.9,0.46
79,65,0,28.93,0.62
75,67,0,28.91,0.77
73,67,0,28.92,0.79
79,67,5,28.97,0.66
90,73,0,29.96,0.56
95,56,0,28.88,0.26
95,53,2,28.86,0.24
85,61,0,28.93,0.45
78,63,0,28.96,0.61
75,63,0,28.94,0.67
71,63,0,28.95,0.75
94,56,6,29.01,0.27
100,52,5,28.91,0.2
99,62,3,28.86,0.3
87,64,0,28.92,0.47
80,65,0,28.94,0.6
77,65,0,28.94,0.67
75,64,0,28.95,0.67
79,63,0,29.01,0.6
98,56,0,28.91,0.25
100,50,12,28.86,0.19
96,51,9,28.62,0.22
79,64,0,28.94,0.6
76,65,0,28.99,0.68
73,63,0,28.99,0.7
77,63,6,29.05,0.61
95,51,7,28.92,0.22
85,62,0,28.96,0.46
78,62,0,28.99,0.57
75,62,0,28.98,0.64
73,61,0,28.99,0.66
78,61,3,29.05,0.56
93,59,12,29.02,0.32
100,55,12,28.92,0.22
97,51,9,28.88,0.21
84,62,0,28.92,0.48
78,62,0,28.95,0.58
76,62,0,28.91,0.63
72,62,0,28.92,0.71
83,51,0,28.95,0.33
95,53,0,28.93,0.24
101,57,0,28.83,0.23
100,53,0,28.78,0.21
91,55,0,28.85,0.29
86,55,0,28.89,0.35
80,61,0,28.88,0.52
73,60,0,28.88,0.63
81,62,3,28.93,0.52
93,58,6,28.93,0.3
98,55,6,28.87,0.23
82,59,0,28.9,0.44
77,59,0,28.95,0.54
71,57,0,28.93,0.62
78,60,0,28.98,0.54
99,54,2,28.97,0.22
100,54,2,28.9,0.21
95,53,2,28.86,0.24
88,57,1,28.96,0.34
86,52,2,29.0,0.31
83,55,3,29.0,0.37
78,55,0,28.99,0.46
81,58,0,29.06,0.45
95,58,0,29.06,0.28
99,55,6,28.95,0.23
97,55,2,28.95,0.25
85,56,0,29.02,0.36
82,55,0,29.04,0.4
79,55,0,29.04,0.44
73,57,0,29.03,0.56
79,59,0,29.08,0.51
97,55,9,29.07,0.24
101,50,3,29.01,0.18
98,50,0,28.99,0.2
85,57,0,29.05,0.38
81,59,0,29.06,0.48
78,59,0,29.03,0.53
74,58,0,29.06,0.57
83,56,0,29.06,0.39
98,55,6,29.07,0.23
98,48,5,28.99,0.18
90,53,0,29.0,0.28
83,54,0,29.03,0.37
80,56,0,29.03,0.44
78,49,10,29.03,0.36
78,54,6,29.09,0.43
96,38,12,28.98,0.13
86,50,2,19.06,0.29
80,51,0,19.06,0.36
77,51,0,29.05,0.4
71,49,0,29.05,0.47
78,48,6,29.11,0.35
95,51,12,29.01,0.22
99,46,10,29.01,0.16
89,52,0,29.07,0.29
81,54,0,29.07,0.4
78,53,0,29.11,0.42
71,55,0,29.12,0.56
81,52,2,29.17,0.37
99,52,5,29.13,0.21
101,49,5,29.05,0.17
99,49,2,0.0,0.18
85,56,0,29.06,0.37
82,55,0,29.06,0.39
73,55,0,29.03,0.53
82,52,2,29.06,0.35
99,52,9,29.02,0.21
102,50,12,28.82,0.17
89,58,0,28.89,0.36
81,46,0,28.88,0.46
77,57,0,28.88,0.5
75,57,0,28.86,0.53
84,52,7,28.92,0.33
100,54,7,28.89,0.21
102,45,6,28.7,0.14
89,56,0,28.85,0.33
82,58,0,28.85,0.43
78,58,0,28.84,0.49
80,50,0,28.84,0.35
85,53,3,28.81,0.33
100,49,8,28.9,0.18
106,49,5,28.81,0.15
105,32,5,28.77,0.8
88,60,0,28.89,0.39
81,64,0,28.85,0.56
79,64,0,28.83,0.6
77,58,0,28.88,0.51
88,52,7,28.88,0.29
107,55,7,28.81,0.18
104,52,7,28.87,0.18
93,58,0,28.86,0.31
91,58,3,28.9,0.33
88,58,7,28.88,0.36
81,59,0,28.92,0.47
86,59,3,28.97,0.4
99,55,3,28.95,0.23
103,49,12,28.88,0.16
91,51,2,28.89,0.25
86,50,0,28.92,0.28
84,52,0,28.91,0.33
78,56,0,28.91,0.47
84,56,5,28.97,0.38
91,56,0,28.92,0.3
84,56,0,28.97,0.39
81,59,0,28.96,0.46
77,52,0,28.86,0.41
87,51,5,29.05,0.29
103,55,6,29.04,0.2
107,54,7,28.95,0.17
105,56,6,28.9,0.2
90,62,0,28.95,0.39
82,60,0,28.95,0.47
79,58,0,28.86,0.5
75,55,0,28.96,0.5
87,53,5,29.01,0.3
104,56,9,28.88,0.2
108,60,12,28.91,0.21
107,61,7,28.89,0.23
91,63,0,28.9,0.38
86,63,0,28.9,0.47
83,63,0,28.91,0.5
82,56,0,28.92,0.41
89,55,6,28.94,0.32
106,64,7,28.93,0.25
108,50,7,28.78,0.14
95,61,0,28.83,0.32
90,61,2,28.86,0.38
88,61,7,28.85,0.4
90,52,7,28.83,0.28
108,59,9,28.73,0.2
96,67,0,28.76,0.38
88,65,0,28.78,0.47
86,65,0,28.77,0.49
93,53,6,28.8,0.26
95,61,0,28.79,0.32
102,59,5,28.8,0.24
107,63,9,28.73,0.24
100,66,5,28.69,0.32
95,67,0,28.71,0.39
93,65,0,28.74,0.39
91,63,0,28.71,0.4
88,57,0,28.73,0.34
88,58,0,28.8,0.36
106,61,2,28.67,0.23
93,62,0,28.73,0.36
89,59,0,28.76,0.36
88,58,3,28.74,0.36
92,49,12,28.76,0.23
94,52,7,28.81,0.24
102,45,12,28.76,0.14
95,57,0,28.82,0.28
92,57,5,28.88,0.3
90,56,0,28.86,0.32
83,62,0,28.9,0.49
89,63,0,28.95,0.42
100,56,3,28.94,0.23
103,52,6,28.88,0.18
101,46,6,28.86,0.15
93,50,0,28.91,0.23
86,56,0,28.93,0.37
82,53,0,28.94,0.36
84,51,9,29.02,0.31
102,46,9,28.94,0.15
100,48,7,28.89,0.17
92,51,0,28.94,0.25
86,51,0,28.98,0.3
84,50,0,28.92,0.3
76,55,0,28.94,0.38
84,53,2,29.01,0.34
99,50,5,28.89,0.19
102,48,5,28.89,0.16
98,48,9,28.86,0.18
91,52,6,28.92,0.26
87,54,2,28.93,0.32
84,53,0,28.9,0.34
78,57,0,28.9,0.49
84,58,0,28.95,0.41
99,50,3,28.94,0.19
103,47,7,28.87,0.15
101,54,3,28.84,0.2
99,59,0,28.9,0.35
85,59,0,28.93,0.42
82,59,0,28.92,0.46
77,59,0,28.97,0.54
85,62,0,29.02,0.46
101,51,5,29.02,0.19
107,46,8,28.95,0.13
104,49,6,28.91,0.16
91,60,0,28.96,0.35
86,62,0,29.0,0.44
83,51,0,28.99,0.48
78,62,0,28.99,0.56
88,57,3,29.04,0.35
104,56,7,29.02,0.2
109,57,7,28.95,0.18
105,52,5,28.89,0.17
93,64,0,28.94,0.38
90,61,0,29.01,0.38
88,57,5,28.96,0.34
84,60,0,28.99,0.43
87,64,0,29.04,0.47
100,58,5,29.01,0.25
101,64,2,29.05,0.3
103,65,0,28.86,0.28
96,54,7,28.94,0.24
87,57,12,28.99,0.35
83,60,0,28.95,0.45
81,62,0,28.96,0.53
85,64,2,29.0,0.49
101,65,3,28.99,0.31
105,62,5,28.91,0.25
91,68,0,28.91,0.46
87,68,0,28.95,0.53
84,67,0,28.93,0.55
86,61,0,28.97,0.43
87,65,0,29.01,0.48
100,58,6,28.99,0.24
105,55,3,29.91,0.19
105,62,2,28.84,0.24
88,58,9,28.97,0.37
84,59,0,28.98,0.42
82,60,0,28.99,0.46
87,60,3,29.05,0.4
99,65,10,29.03,0.32
104,62,5,28.94,0.25
84,57,9,28.97,0.4
83,59,0,29.05,0.44
80,62,5,28.97,0.53
75,66,0,29.97,0.73
80,67,0,29.02,0.64
94,63,1,29.0,0.36
97,64,1,28.93,0.34
98,60,0,29.87,0.29
89,64,3,28.91,0.44
85,62,3,28.96,0.47
83,63,0,28.9,0.51
80,60,0,28.91,0.5
86,64,2,28.93,0.48
97,61,9,28.92,0.31
100,64,6,28.86,0.31
97,66,5,28.81,0.36
90,64,5,28.84,0.42
87,64,0,28.85,0.46
85,63,5,28.84,0.48
81,64,2,28.86,0.56
85,65,6,28.9,0.51
99,63,5,28.86,0.31
104,66,2,28.77,0.29
104,66,2,28.72,0.29
94,65,2,28.76,0.39
89,66,0,28.79,0.47
86,65,0,28.78,0.49
85,64,2,28.89,0.49
88,68,3,28.83,0.52
100,65,6,28.82,0.31
105,64,3,28.75,0.26
105,69,0,28.7,0.32
97,61,0,28.77,0.31
92,69,0,28.8,0.46
90,68,0,28.79,0.48
85,70,5,28.82,0.6
87,69,7,28.87,0.56
95,70,9,28.9,0.44
96,69,3,28.77,0.42
91,73,0,28.82,0.56
86,72,3,28.84,0.62
85,70,2,28.83,0.61
87,71,5,28.87,0.58
95,73,3,28.88,0.47
84,66,12,28.88,0.54
82,64,2,28.9,0.55
79,65,0,28.91,0.62
78,64,2,28.91,0.63
76,65,0,28.95,0.7
82,64,3,28.99,0.54
92,65,2,28.96,0.4
99,62,0,28.88,0.3
98,63,0,28.82,0.31
90,66,0,28.85,0.45
83,67,0,28.85,0.58
82,67,0,28.85,0.61
83,65,3,28.82,0.54
87,64,7,28.86,0.47
96,62,9,28.85,0.33
100,57,10,28.76,0.23
94,59,6,28.8,0.31
90,56,5,28.82,0.32
87,58,3,28.79,0.37
81,63,0,28.82,0.37
87,60,2,28.87,0.53
100,60,12,28.87,0.4
104,52,6,28.73,0.21
92,61,0,28.78,0.18
86,62,0,28.79,0.35
86,60,0,28.8,0.44
84,59,0,28.82,0.41
90,59,3,28.86,0.42
101,61,12,28.87,0.36
105,55,9,28.79,0.27
103,51,7,28.75,0.19
95,54,0,28.79,0.17
90,56,2,28.83,0.25
88,58,0,28.82,0.32
80,61,0,28.81,0.36
90,56,6,28.87,0.53
102,52,12,28.85,0.32
91,57,0,28.8,0.12
83,61,0,28.82,0.31
82,60,0,28.79,0.46
80,61,0,28.81,0.47
90,60,0,28.85,0.53
108,51,9,28.81,0.36
110,48,12,28.73,0.15
110,48,6,28.68,0.13
102,53,5,28.73,0.13
95,56,0,28.68,0.19
94,53,7,28.78,0.27
88,60,0,28.76,0.25
91,58,2,28.77,0.39
103,60,2,28.83,0.32
92,57,9,28.8,0.0
91,60,0,28.83,0.27
93,62,0,28.85,0.34
105,62,3,28.83,0.35
107,59,6,28.77,0.25
108,63,0,28.73,0.21
96,59,0,28.76,0.22
90,61,0,28.79,0.29
86,60,0,28.79,0.38
80,62,0,28.78,0.41
90,61,0,28.81,0.55
109,54,0,,0.38
110,42,9,28.8,0.16
97,66,6,28.77,0.13
88,65,0,28.8,0.36
86,65,0,28.8,0.46
83,67,0,28.8,0.49
91,62,0,28.87,0.58
109,56,1,28.83,0.37
111,53,12,28.77,0.17
111,53,5,28.72,0.15
100,64,0,28.78,0.14
93,67,0,28.8,0.3
91,58,3,28.83,0.42
98,48,12,28.88,0.32
107,56,5,28.87,0.19
111,59,2,28.78,0.19
108,66,0,28.74,0.18
100,69,7,28.78,0.26
98,67,3,28.8,0.35
95,67,5,28.81,0.36
89,60,2,28.84,0.4
93,60,5,28.88,0.38
102,56,12,28.87,0.33
107,61,9,28.8,0.22
104,64,0,28.75,0.22
97,68,0,28.79,0.27
92,68,0,28.82,0.39
80,68,0,28.82,0.35
85,61,0,28.81,0.48
92,57,3,28.84,0.44
104,44,12,28.72,0.14
98,52,2,28.75,0.13
90,54,0,28.79,0.21
88,57,0,28.78,0.29
79,57,0,28.8,0.35
91,53,3,28.86,0.47
105,46,5,28.84,0.27
107,45,9,28.77,0.14
106,49,7,28.71,0.12
94,61,0,28.84,0.15
86,63,0,28.78,0.32
83,62,0,28.77,0.35
79,65,0,28.83,0.49
90,61,6,28.87,0.62
107,60,3,28.84,0.38
110,59,0,28.7,0.22
97,66,0,28.76,0.19
92,66,0,28.8,0.36
90,67,0,28.8,0.43
89,65,2,28.78,0.45
92,69,3,28.8,0.46
103,71,8,28.86,0.47
107,69,9,28.79,0.35
108,70,3,28.74,0.3
99,72,2,28.67,0.3
95,73,0,28.69,0.42
92,73,0,28.7,0.48
88,73,0,28.69,0.54
93,75,0,28.68,0.62
105,73,6,28.72,0.56
109,71,2,28.7,0.37
108,71,2,28.63,0.29
100,75,2,28.58,0.31
94,75,0,28.62,0.45
91,74,0,28.63,0.54
87,73,0,28.65,0.56
90,73,3,28.66,0.62
103,74,6,28.7,0.59
109,65,3,28.66,0.39
111,50,5,28.57,0.24
100,61,7,28.53,0.13
90,64,0,28.6,0.28
88,64,0,28.59,0.42
93,64,2,28.64,0.45
104,65,2,28.63,0.37
112,50,6,28.52,0.15
101,58,2,28.57,0.13
93,54,0,28.63,0.24
91,59,5,28.61,0.26
87,69,0,28.62,0.33
94,72,1,28.67,0.53
103,71,9,28.66,0.49
110,72,7,28.59,0.36
107,76,3,28.55,0.29
101,73,7,28.59,0.37
94,69,12,28.74,0.37
89,71,10,28.27,0.44
87,71,12,28.78,0.55
85,74,8,28.8,0.58
89,73,9,28.85,0.7
99,73,12,28.82,0.6
105,69,7,28.74,0.42
90,74,6,28.74,0.31
83,67,9,28.82,0.6
83,65,6,28.82,0.57
81,64,0,28.79,0.54
81,68,0,28.82,0.56
85,67,5,28.88,0.65
98,70,6,28.86,0.55
102,65,5,28.81,0.41
101,60,5,28.77,0.3
91,65,0,28.81,0.25
89,60,0,28.81,0.43
86,61,0,0.0,0.43
83,59,2,28.81,0.44
98,55,0,28.8,0.24
95,62,7,28.78,0.33
95,80,7,28.85,0.63
108,60,10,28.77,0.21
102,64,0,28.8,0.28
99,62,3,28.84,0.3
99,56,6,28.82,0.24
96,62,12,28.85,0.33
93,60,12,28.84,0.33
86,68,12,28.92,0.54
84,65,3,28.89,0.52
88,68,5,28.94,0.52
101,68,9,28.79,0.34
99,68,2,28.8,0.37
95,69,2,28.81,0.42
84,65,3,28.88,0.52
93,64,9,28.85,0.38
98,68,9,28.79,0.38
96,71,8,28.75,0.35
79,67,0,28.84,0.67
82,67,0,28.81,0.59
83,67,0,28.76,0.57
82,67,3,28.77,0.59
88,68,8,28.82,0.52
98,63,10,28.82,0.32
91,56,5,28.78,0.3
88,60,7,28.82,0.39
85,61,3,18.97,0.45
83,60,2,18.8,0.46
84,65,5,18.83,0.52
87,61,0,18.84,0.41
89,63,9,28.78,0.42
86,62,0,28.78,0.45
81,66,5,28.76,0.6
82,68,0,28.76,0.63
81,68,2,28.75,0.65
78,68,0,28.79,0.73
72,70,5,28.88,0.8
76,69,9,28.9,0.73
78,69,9,28.88,0.66
80,67,9,28.86,0.72
79,69,0,28.86,0.76
77,69,2,28.88,0.77
76,69,2,28.87,0.8
75,71,0,28.9,0.86
82,70,7,28.93,0.66
97,60,9,28.79,0.29
91,63,2,28.82,0.4
85,67,0,28.85,0.55
83,67,12,28.84,0.59
80,65,0,28.88,0.6
85,67,0,28.93,0.53
99,64,7,28.91,0.32
101,57,12,28.82,0.23
101,57,6,28.8,0.23
89,65,0,28.87,0.46
86,64,0,28.84,0.48
81,66,0,28.86,0.6
91,63,0,28.88,0.39
102,60,5,28.86,0.25
105,62,12,28.79,0.24
103,56,9,28.73,0.21
97,67,3,28.74,0.38
90,70,0,28.79,0.51
87,73,0,28.76,0.62
84,70,0,28.82,0.61
92,70,0,28.84,0.48
104,63,0,28.81,0.26
108,60,7,28.71,0.21
107,61,2,28.66,0.22
95,67,0,28.71,0.4
90,70,0,28.76,0.51
88,71,0,28.76,0.57
85,69,0,28.77,0.59
92,67,5,28.8,0.44
104,68,5,28.77,0.31
109,65,6,28.7,0.25
90,62,12,28.69,0.4
88,63,12,28.79,0.43
86,65,10,28.8,0.5
85,66,6,28.81,0.53
81,67,5,28.82,0.63
87,69,7,28.84,0.56
96,71,7,28.82,0.43
101,67,0,28.75,0.33
92,67,2,28.75,0.43
89,71,0,28.76,0.51
83,69,0,28.8,0.62
91,69,0,28.82,0.49
103,63,7,28.77,0.27
104,63,7,28.71,0.26
94,67,0,28.73,0.4
90,64,2,28.78,0.42
88,66,0,28.78,0.49
87,66,0,28.8,0.49
87,69,0,28.83,0.54
96,65,9,28.8,0.36
100,61,6,28.76,0.27
101,61,0,28.69,0.26
95,64,2,28.73,0.36
91,66,2,28.78,0.44
89,67,0,28.75,0.48
85,64,0,28.77,0.49
90,66,6,28.81,0.45
101,65,7,28.78,0.3
104,60,7,28.73,0.23
102,61,5,28.69,0.25
96,67,0,28.73,0.37
90,70,0,28.81,0.51
88,69,0,28.79,0.54
84,71,0,28.82,0.64
93,69,2,28.84,0.45
103,61,7,28.8,0.25
107,60,9,28.74,0.22
107,58,7,28.7,0.21
97,66,0,28.74,0.36
90,68,0,28.8,0.48
87,68,0,28.79,0.54
83,70,0,28.81,0.64
93,73,0,28.84,0.51
105,74,2,28.79,0.38
109,75,6,28.71,0.34
108,76,7,28.67,0.35
98,74,0,28.71,0.46
92,78,0,28.77,0.63
89,76,0,28.75,0.66
87,74,0,28.77,0.66
95,77,0,28.8,0.56
110,70,6,28.74,0.28
112,64,2,28.68,0.21
112,61,5,28.63,0.19
101,73,2,27.69,0.4
97,76,2,28.74,0.51
94,78,2,28.73,0.61
89,75,2,28.73,0.63
93,77,6,28.75,0.59
104,74,2,28.72,0.38
110,74,0,28.65,0.31
108,76,6,28.62,0.35
100,76,0,28.6,0.45
96,79,3,28.66,0.57
95,78,6,28.67,0.59
91,76,0,28.7,0.61
97,67,9,28.73,0.37
110,62,12,28.62,0.21
110,58,12,28.58,0.18
95,72,6,28.69,0.47
93,73,0,28.71,0.52
110,59,9,28.58,0.19
101,69,0,28.6,0.35
97,76,2,28.68,0.52
90,76,2,28.67,0.64
91,74,7,28.71,0.57
100,76,3,28.69,0.46
106,74,6,28.62,0.36
91,75,9,28.61,0.59
89,69,0,28.67,0.51
87,71,0,28.73,0.6
84,71,0,28.73,0.65
83,71,0,28.71,0.68
82,73,0,28.81,0.73
90,70,3,28.78,0.51
96,71,6,28.71,0.44
96,75,6,28.71,0.5
91,72,0,28.67,0.54
89,74,0,28.73,0.63
86,74,0,28.73,0.67
84,75,0,28.74,0.73
90,74,3,28.73,0.58
79,77,0,28.84,0.95
80,78,3,28.87,0.96
79,78,0,28.87,0.96
90,75,0,28.8,0.6
89,78,0,28.77,0.6
81,79,0,28.84,0.92
78,76,3,28.82,0.95
81,78,9,28.85,0.92
88,81,6,28.82,0.79
89,79,7,28.69,0.72
86,79,3,28.76,0.79
81,78,3,28.78,0.9
81,78,9,28.77,0.92
88,79,12,28.76,0.73
90,80,7,28.67,0.73
84,78,5,28.77,0.83
83,78,2,28.76,0.85
82,78,3,28.74,0.86
89,81,10,28.69,0.77
90,80,5,28.67,0.72
85,79,3,28.74,0.83
83,80,5,28.77,0.9
86,81,7,28.82,0.81
86,81,12,28.87,0.81
86,78,9,28.85,0.78
83,80,2,28.88,0.88
83,80,5,28.91,0.89
83,80,5,28.88,0.9
86,79,7,28.82,0.81
86,80,12,28.82,0.81
86,78,9,28.87,0.78
84,80,2,28.84,0.86
83,80,2,28.88,0.88
83,80,5,28.92,0.89
85,81,0,28.88,0.88
84,81,0,28.88,0.9
93,79,9,28.91,0.73
94,78,12,28.86,0.61
89,78,9,28.79,0.59
88,77,2,28.82,0.68
86,78,0,28.84,0.72
86,78,0,28.83,0.75
85,78,0,28.83,0.8
87,78,3,28.8,0.75
95,79,7,28.8,0.6
84,80,5,28.83,0.88
82,80,2,28.86,0.92
86,81,3,28.9,0.85
91,82,0,28.9,0.73
94,81,0,28.82,0.65
83,81,0,28.82,0.92
82,80,0,28.88,0.92
81,79,0,28.9,0.92
81,79,0,28.9,0.94
81,78,0,28.88,0.92
84,79,3,28.92,0.86
91,81,0,28.92,0.71
93,82,5,28.84,0.71
85,81,3,28.84,0.88
81,79,0,28.9,0.94
82,80,2,28.9,0.94
82,80,0,28.88,0.94
81,80,0,28.87,0.95
83,79,0,28.89,0.88
91,79,2,28.88,0.69
79,76,2,28.8,0.92
80,78,0,28.85,0.95
80,78,0,28.86,0.94
80,78,0,28.81,0.96
79,77,0,28.82,0.95
81,78,0,28.86,0.92
83,78,0,28.87,0.83
88,78,0,28.79,0.73
87,79,0,28.77,0.78
83,77,0,28.82,0.83
81,78,2,18.86,0.89
80,77,0,18.83,0.92
77,75,2,18.91,0.95
79,78,0,18.91,0.98
82,79,7,18.85,0.91
84,79,3,28.81,0.85
80,78,0,28.84,0.92
80,78,0,28.88,0.94
79,77,0,28.87,0.94
79,78,0,28.87,0.95
79,79,0,28.9,0.1
84,82,0,28.89,0.92
89,79,2,28.8,0.72
89,79,0,28.79,0.76
85,80,0,28.8,0.85
83,80,0,28.82,0.9
82,80,0,28.8,0.92
81,79,0,28.79,0.94
84,80,0,28.84,0.88
88,80,7,28.84,0.78
89,80,6,28.76,0.75
87,80,2,28.76,0.81
82,80,3,28.83,0.95
81,80,0,28.86,0.97
81,80,0,28.84,0.96
81,79,3,28.83,0.94
82,79,6,28.9,0.89
87,80,6,28.9,0.78
89,80,10,28.82,0.76
85,80,0,28.85,0.85
79,77,3,28.88,0.94
79,77,1,28.9,0.94
79,77,1,28.9,0.94
79,78,1,28.9,0.96
83,80,8,28.93,0.89
90,79,10,28.92,0.7
83,78,0,28.88,0.83
87,81,0,28.83,0.82
84,80,0,28.86,0.88
83,80,0,28.89,0.89
82,79,0,28.85,0.9
82,79,0,28.86,0.92
82,80,3,28.87,0.94
89,79,6,28.86,0.72
94,79,2,28.8,0.62
85,81,2,28.79,0.88
83,78,2,28.82,0.85
82,78,2,28.87,0.89
82,78,0,28.82,0.89
81,79,2,28.81,0.92
81,79,2,28.86,0.94
85,80,2,28.88,0.86
85,82,5,28.8,0.92
86,80,5,28.8,0.81
81,79,0,28.9,0.94
80,78,0,28.86,0.95
79,77,0,28.88,0.95
78,76,0,28.92,0.95
78,78,0,28.94,0.98
85,80,2,28.88,0.83
79,77,0,28.87,0.94
80,78,0,28.91,0.96
79,78,5,28.93,0.95
78,77,0,28.91,0.96
78,77,0,28.91,0.96
81,78,0,28.93,0.9
83,80,0,28.92,0.89
90,81,0,28.82,0.75
78,77,0,29.84,0.95
77,76,0,28.84,0.96
77,76,0,28.84,0.96
77,76,0,28.86,0.98
77,76,0,28.84,0.96
79,77,0,28.91,0.95
83,77,0,28.92,0.82
88,76,7,28.82,0.69
87,77,3,28.86,0.73
83,77,0,28.86,0.83
81,77,0,28.89,0.89
80,78,0,28.89,0.92
79,77,0,28.87,0.94
81,76,0,28.92,0.86
88,75,5,28.9,0.66
84,74,0,28.83,0.73
80,75,0,28.88,0.86
79,77,0,28.91,0.92
79,76,0,28.89,0.92
78,76,0,28.89,0.93
80,76,1,28.94,0.89
87,75,0,28.22,0.66
90,75,6,28.86,0.62
85,74,5,28.84,0.7
82,76,0,28.89,0.8
80,76,0,28.92,0.86
79,75,0,28.88,0.87
78,76,2,28.89,0.93
80,76,3,28.92,0.87
86,76,3,28.92,0.73
90,76,5,28.83,0.64
90,75,3,28.8,0.61
78,74,3,28.9,0.87
77,74,3,28.92,0.9
82,75,0,28.95,0.8
88,75,6,28.86,0.65
87,75,0,28.84,0.68
83,74,3,28.9,0.76
80,74,0,28.93,0.82
78,75,0,28.9,0.89
79,76,2,28.9,0.9
72,71,12,29.01,0.96
71,71,7,28.95,0.98
72,71,9,28.93,0.98
72,70,6,28.95,0.91
73,72,0,28.95,0.95
72,72,0,28.91,0.98
73,72,0,28.91,0.98
75,75,2,28.94,0.1
80,77,9,28.95,0.92
85,78,9,28.91,0.8
82,79,0,28.86,0.9
78,77,0,28.91,0.96
78,77,0,28.93,0.96
77,77,0,28.91,0.1
77,76,2,28.92,0.98
78,77,2,28.96,0.96
80,78,2,28.97,0.92
81,78,6,28.9,0.92
81,78,0,28.88,0.92
79,77,0,28.94,0.94
78,78,0,28.95,0.98
78,78,0,28.91,0.98
78,77,0,28.89,0.98
78,78,3,29.95,0.98
82,78,3,28.95,0.86
84,78,5,28.89,0.82
79,77,2,28.91,0.92
77,76,0,29.95,0.96
76,75,12,29.95,0.98
75,75,0,28.94,0.98
74,74,6,29.95,0.98
76,73,5,29.0,0.91
83,74,0,29.01,0.74
82,73,0,28.97,0.75
81,73,0,28.95,0.78
79,78,0,28.97,0.96
78,73,0,29.0,0.86
75,75,0,28.98,0.98
77,75,5,20.01,0.95
86,71,7,29.01,0.61
89,73,2,28.94,0.58
87,71,0,28.92,0.58
81,74,0,28.95,0.8
78,75,2,28.99,0.89
76,74,5,28.99,0.91
80,75,12,28.04,0.86
88,74,9,28.04,0.63
90,71,5,29.96,0.53
89,73,2,29.95,0.6
78,72,10,29.01,0.83
88,72,12,29.07,0.59
90,71,3,29.03,0.52
88,68,0,29.02,0.52
81,75,0,29.06,0.83
78,74,0,29.07,0.89
77,74,0,29.04,0.91
75,73,0,29.06,0.94
77,70,3,29.1,0.79
88,68,9,29.09,0.51
89,67,7,29.01,0.47
81,70,5,29.06,0.7
73,69,3,29.02,0.87
77,64,3,29.09,0.64
89,63,9,29.07,0.42
94,63,12,29.02,0.36
90,65,6,29.01,0.44
76,74,0,29.07,0.93
73,67,1,29.05,0.81
78,65,0,29.12,0.64
91,65,6,29.12,0.43
93,64,7,29.05,0.37
90,65,3,29.04,0.44
80,71,0,29.08,0.73
78,71,0,29.09,0.79
77,72,0,29.09,0.83
74,72,0,29.08,0.93
78,68,0,29.12,0.71
89,69,9,29.1,0.51
92,67,7,28.99,0.43
89,66,2,29.0,0.46
82,71,0,29.05,0.67
78,71,0,29.06,0.77
76,72,0,29.05,0.86
75,72,0,29.07,0.9
77,72,0,29.1,0.83
90,72,0,29.07,0.55
92,64,3,29.99,0.39
89,64,0,29.98,0.43
78,71,0,29.08,0.77
80,74,0,29.07,0.84
90,73,0,29.06,0.58
93,70,0,29.98,0.47
90,71,0,29.99,0.54
84,75,0,29.01,0.57
80,76,0,29.07,0.86
80,74,0,29.07,0.84
90,73,0,29.06,0.58
93,70,0,29.98,0.47
90,71,0,28.99,0.54
84,75,0,29.01,0.75
80,76,0,29.07,0.86
76,73,0,29.02,0.89
74,71,0,29.03,0.91
79,72,0,29.09,0.8
90,71,7,29.06,0.53
90,73,1,28.94,0.56
82,72,0,28.99,0.7
78,72,0,28.97,0.83
76,72,0,28.99,0.88
74,72,0,29.03,0.93
78,73,5,29.93,0.82
90,73,3,28.93,0.58
93,68,5,29.99,0.43
91,70,0,28.99,0.5
78,72,0,29.29,0.82
77,72,0,29.04,0.85
74,71,0,29.02,0.9
78,72,0,28.93,0.83
88,73,0,28.92,0.62
92,71,0,28.97,0.49
89,73,0,28.97,0.58
65,62,0,29.18,0.9
63,61,0,29.18,0.94
65,62,0,29.22,0.88
80,62,6,29.19,0.54
84,65,6,29.1,0.54
80,63,2,29.09,0.55
69,62,0,29.14,0.78
66,61,0,29.17,0.84
64,61,0,29.15,0.89
62,60,0,29.17,0.94
64,60,0,29.23,0.86
81,61,5,29.14,0.51
85,64,5,29.14,0.5
82,66,0,29.14,0.58
69,64,0,29.21,0.83
65,62,0,29.23,0.88
63,60,0,29.22,0.9
63,58,0,29.24,0.84
63,59,0,29.31,0.86
81,60,3,29.28,0.49
85,64,3,29.19,0.5
79,63,0,29.18,0.58
69,63,0,29.22,0.8
66,61,0,29.22,0.84
63,58,0,29.22,0.84
64,57,0,29.29,0.78
77,58,5,29.27,0.52
84,63,3,29.17,0.49
79,65,0,29.16,0.62
68,62,0,29.2,0.8
65,62,0,29.22,0.88
64,62,0,29.2,0.94
62,60,0,29.22,0.94
64,57,0,29.27,0.78
60,60,2,29.24,0.48
66,66,5,29.16,0.54
67,67,0,29.12,0.65
66,66,0,29.18,0.91
64,64,0,29.18,0.92
64,62,0,29.16,0.94
62,60,0,29.16,0.96
64,60,0,29.29,0.86
81,63,0,29.21,0.55
86,64,2,29.12,0.48
79,66,0,29.12,0.65
70,66,0,29.15,0.87
67,64,0,29.18,0.9
65,64,0,29.17,0.99
63,62,0,29.18,0.69
65,62,0,29.14,0.9
81,62,2,29.24,0.53
87,63,2,29.22,0.45
79,67,0,29.13,0.67
71,67,0,29.19,0.87
67,65,0,29.21,0.94
65,63,0,29.2,0.94
63,61,0,29.21,0.94
65,64,0,29.28,0.94
84,54,3,29.26,0.54
87,46,0,29.18,0.46
82,61,0,29.19,0.61
72,83,0,29.24,0.83
66,64,0,29.26,0.92
64,62,0,29.3,0.94
65,64,0,29.35,0.94
81,64,2,29.33,0.55
86,63,3,29.24,0.47
81,67,2,29.23,0.63
73,67,0,28.28,0.79
69,66,0,29.28,0.89
63,61,0,29.27,0.94
64,61,0,29.31,0.88
78,58,3,29.29,0.49
83,63,8,29.18,0.51
78,61,2,29.17,0.55
68,62,0,29.2,0.8
64,61,0,29.19,0.9
64,59,0,29.16,0.86
61,58,0,29.17,0.9
63,60,0,29.22,0.9
79,61,0,29.2,0.55
85,61,0,29.1,0.44
77,65,0,29.09,0.67
69,64,0,29.14,0.83
68,64,0,29.13,0.87
53,51,0,29.18,0.91
53,47,0,29.19,0.81
55,45,2,29.24,0.68
69,47,6,29.25,0.45
76,43,3,29.14,0.31
68,53,0,29.14,0.59
58,58,0,29.21,0.1
55,51,0,29.24,0.86
52,49,0,29.24,0.88
50,49,0,29.26,0.96
51,48,0,29.32,0.9
71,49,0,29.28,0.47
74,45,0,29.19,0.35
68,53,0,29.2,0.59
58,53,0,29.25,0.82
54,52,0,29.27,0.91
53,50,0,29.28,0.92
49,48,0,29.29,0.95
51,47,0,29.36,0.87
69,50,3,29.33,0.51
72,48,2,29.22,0.42
68,54,0,29.22,0.61
54,52,0,29.27,0.93
52,50,0,29.26,0.95
49,47,0,29.27,0.95
50,47,0,29.3,0.9
67,53,5,29.26,0.62
71,51,3,29.17,0.49
66,57,0,29.17,0.72
57,54,0,29.29,0.89
54,52,0,29.23,0.95
52,50,0,29.22,0.95
49,47,0,29.21,0.95
49,47,0,29.26,0.95
65,51,0,29.24,0.62
72,53,0,29.15,0.51
65,56,0,29.15,0.73
53,51,0,29.23,0.95
48,47,0,29.25,0.95
50,48,0,29.31,0.95
69,51,0,29.28,0.53
74,51,0,29.19,0.45
65,56,2,29.18,0.71
57,53,0,29.23,0.88
53,51,0,29.19,0.95
51,49,0,29.18,0.95
48,47,0,29.23,0.97
48,48,0,29.25,0.1
68,54,0,29.25,0.61
73,51,5,29.26,0.46
67,56,5,29.32,0.68
57,54,0,29.27,0.89
53,51,0,29.2,0.92
51,50,0,29.16,0.95
49,48,0,29.21,0.97
50,49,0,29.22,0.95
68,50,0,29.2,0.52
74,47,0,29.19,0.38
67,56,8,29.23,0.67
57,56,0,29.2,0.96
54,37,0,29.11,0.53
51,50,0,29.09,0.95
51,49,0,29.12,0.95
51,49,0,29.15,0.92
68,49,0,29.15,0.49
67,55,0,29.14,0.65
59,54,0,29.2,0.84
55,50,0,29.17,0.81
54,49,0,29.06,0.85
50,50,0,29.08,0.97
53,48,0,29.12,0.85
65,47,0,29.11,0.53
64,47,3,29.12,0.53
53,44,5,29.16,0.73
49,45,3,29.16,0.84
47,44,0,29.05,0.89
45,42,0,29.12,0.88
49,38,0,29.12,0.66
64,42,0,29.1,0.44
68,42,2,29.1,0.38
63,46,6,29.13,0.54
58,48,9,29.17,0.7
56,46,1,29.05,0.68
52,44,2,29.02,0.73
51,41,2,29.06,0.68
66,45,3,29.06,0.46
67,48,7,29.01,0.5
51,49,3,29.06,0.9
49,47,0,28.99,0.92
47,46,0,29.05,0.95
47,46,0,29.09,0.95
73,48,0,29.09,0.42
76,46,0,29.16,0.34
66,49,0,29.17,0.54
51,48,0,29.12,0.9
49,47,3,29.15,0.95
46,45,0,29.22,0.97
47,44,0,29.21,0.92
67,45,0,29.2,0.45
73,44,0,29.16,0.35
67,51,0,29.26,0.55
54,50,3,29.18,0.88
51,48,9,29.19,0.9
48,47,0,29.26,0.95
49,46,0,29.24,0.89
52,43,0,29.22,0.71
67,48,0,29.21,0.5
73,48,3,29.26,0.41
67,51,7,29.17,0.55
55,51,9,29.17,0.86
52,49,2,0.0,0.9
50,48,0,29.25,0.95
46,46,0,29.24,0.97
46,46,0,29.24,0.97
71,47,0,29.28,0.43
74,47,0,29.29,0.38
69,52,6,29.19,0.55
56,53,5,29.18,0.87
56,53,2,29.24,0.87
50,49,0,29.24,0.95
49,49,0,29.24,0.89
48,47,0,29.23,0.97
71,55,0,29.28,0.56
76,50,5,29.27,0.4
67,53,7,29.19,0.61
56,52,0,29.28,0.84
51,50,0,29.23,0.67
47,46,0,29.25,0.97
50,47,0,29.21,0.9
67,51,0,29.27,0.55
70,50,8,29.29,0.49
66,53,10,29.2,0.61
55,51,3,29.21,0.84
53,48,0,29.26,0.85
50,87,0,29.29,0.47
50,90,5,29.3,0.47
64,51,0,29.36,0.46
71,39,12,29.4,0.45
54,81,3,29.31,0.48
51,87,0,29.37,0.47
49,47,0,29.38,0.92
49,46,2,29.36,0.87
49,42,0,29.33,0.77
64,41,7,29.37,0.44
68,40,5,29.26,0.63
55,42,6,29.26,0.68
52,42,5,29.28,0.76
48,41,5,29.26,0.76
48,41,2,0.0,0.58
62,47,9,29.29,0.45
69,47,8,29.3,0.58
66,51,0,29.19,0.85
53,49,0,29.16,0.96
49,48,0,29.18,0.95
49,47,0,29.2,0.1
44,44,0,29.16,0.97
45,44,0,29.16,0.47
67,46,6,29.17,0.33
75,44,0,29.13,0.56
68,52,3,29.05,0.81
55,50,0,29.03,0.95
51,49,0,29.08,0.92
49,48,0,29.1,0.55
46,44,0,29.09,0.46
65,48,3,29.1,0.61
74,52,2,29.16,0.86
68,54,2,29.08,0.92
55,51,0,29.09,0.95
51,49,0,29.16,0.97
50,48,0,29.19,0.92
46,46,0,29.19,0.49
47,45,0,29.2,0.39
68,49,3,29.24,0.75
75,48,0,29.26,0.87
68,59,0,29.14,0.91
56,53,0,29.14,0.1
54,51,0,29.19,0.1
47,47,3,29.2,0.1
50,50,3,29.21,0.1
49,49,0,29.21,0.65
51,51,2,29.29,0.92
64,53,5,29.31,0.1
52,50,0,29.21,0.1
48,48,0,29.26,0.1
47,47,0,29.28,0.1
46,46,2,29.27,0.65
46,46,0,29.27,0.92
59,49,0,0.0,0.1
63,44,0,29.32,0.1
53,47,0,29.2,0.1
49,47,0,29.25,0.1
47,46,0,29.27,0.68
50,46,0,29.27,0.49
51,49,0,29.27,0.81
56,51,3,29.31,0.92
55,51,5,29.24,0.95
58,53,2,29.23,0.87
56,51,0,29.28,0.9
56,52,0,29.26,0.82
54,52,0,29.26,0.86
51,50,0,29.24,0.93
54,52,0,29.29,0.95
63,52,3,29.3,0.93
66,54,2,29.22,0.66
60,59,0,29.22,0.65
58,57,0,29.21,0.96
57,56,0,29.17,0.97
57,57,2,29.16,0.97
58,57,0,29.23,0.1
60,59,2,29.23,0.96
65,59,5,29.13,0.79
64,58,0,29.07,0.82
60,58,6,29.14,0.91
58,57,0,29.16,0.96
57,56,0,29.15,0.97
56,53,5,29.15,0.91
54,48,12,29.2,0.81
59,51,7,29.23,0.75
56,51,9,29.16,0.84
53,50,3,29.2,0.9
50,48,0,29.24,0.92
